,line,sentiment,section,artist,line_number
0,"Man, these people took my kids from me, then they froze my bank account",1,Verse,Kanye West (AI),1
1,"I got so much fire in me, gotta find a way it out",1,Verse,Kanye West (AI),2
2,"Feel like I'm lost in a system, searching hard for my purpose",1,Verse,Kanye West (AI),3
3,"I been fighting my demons, tryna heal, yeah, it’s worth it",0,Verse,Kanye West (AI),4
4,"The things that I’m posting online, they telling me “Ye, don’t say that”",1,Verse,Kanye West (AI),5
5,"But truth is I’m speaking my soul, I won’t ever take that back",0,Verse,Kanye West (AI),6
6,"With all of this money and fame, I still can’t get my kids back",1,Verse,Kanye West (AI),7
7,"With all of this pressure inside, sometimes I can barely live that",1,Verse,Kanye West (AI),8
8,"They see my persona online, but they don’t see how I’m feelin’",1,Verse,Kanye West (AI),9
9,"So I became the villain, truth is—man, I’m just healin’",1,Verse,Kanye West (AI),10
10,"Yeah, I rise higher",0,Chorus,Kanye West (AI),11
11,"Yeah, I rise higher (Hey)",0,Chorus,Kanye West (AI),12
12,They don’t understand the pain I write on fire,1,Chorus,Kanye West (AI),13
13,"Yeah, I rise higher",0,Chorus,Kanye West (AI),14
14,They don’t understand the pain I write on fire,1,Chorus,Kanye West (AI),15
15,"All my people shining, yeah, we rise higher (Hey)",0,Chorus,Kanye West (AI),16
16,"Yeah, we rise higher, yeah, we rise higher",0,Chorus,Kanye West (AI),17
17,"All my people timeless, yeah, we rise higher",0,Chorus,Kanye West (AI),18
18,"She wanna fly out to Paris, I put the chrome on the Benz",1,Verse,Kanye West (AI),19
19,"Yeah, we rise higher",0,Verse,Kanye West (AI),20
20,"She reaching out for my hand, feels like the world’s in her hands",0,Verse,Kanye West (AI),21
21,"Yeah, we rise higher (Hey)",0,Verse,Kanye West (AI),22
22,"Yeah, I rise higher",0,Chorus,Kanye West (AI),23
23,"Yeah, I rise higher",0,Chorus,Kanye West (AI),24
24,"All my people timeless, yeah, we rise higher (Hey)",0,Chorus,Kanye West (AI),25
25,"Yeah, I rise higher",0,Chorus,Kanye West (AI),26
26,"Yeah, I rise higher",0,Chorus,Kanye West (AI),27
27,"All my people shining, yeah, we rise higher",0,Chorus,Kanye West (AI),28
28,"Yeah, I rise higher",0,Chorus,Kanye West (AI),29
29,"Yeah, I rise higher",0,Chorus,Kanye West (AI),30
30,"Yeah, I rise higher",0,Chorus,Kanye West (AI),31
31,"Yeah, I rise higher",0,Chorus,Kanye West (AI),32
32,Stars in this house,0,Intro,Cardi B (AI),1
33,There’s some stars in this house,0,Intro,Cardi B (AI),2
34,There’s some stars in this house,0,Intro,Cardi B (AI),3
35,There’s some stars in this house (Hol’ up),0,Intro,Cardi B (AI),4
36,"I said certified queen, seven days a week",0,Intro,Cardi B (AI),5
37,"Strong and shining, make the doubters feel weak, woo (Ah)",0,Intro,Cardi B (AI),6
38,"Yeah, yeah, yeah, yeah",0,Chorus,Cardi B (AI),7
39,"Yeah, you dealin’ with some powerful women",0,Chorus,Cardi B (AI),8
40,Bring respect and your love for these powerful women,0,Chorus,Cardi B (AI),9
41,Give me everything you got for these powerful women,0,Chorus,Cardi B (AI),10
42,"Standin’ tall, yeah, I’m in charge",0,Verse,Cardi B (AI),11
43,"Dreams too big, and my will too large",1,Verse,Cardi B (AI),12
44,Put this vision right in your face,0,Verse,Cardi B (AI),13
45,"Swipe your doubt, no time to waste",0,Verse,Cardi B (AI),14
46,"Hop on stage, I wanna rise",0,Verse,Cardi B (AI),15
47,I do the work and I claim the prize,0,Verse,Cardi B (AI),16
48,"Look in my eyes, I’m full of drive",0,Verse,Cardi B (AI),17
49,"Energy flowing, I feel alive",0,Verse,Cardi B (AI),18
50,"Tie me down? No, I break through ties",1,Verse,Cardi B (AI),19
51,"Let’s roleplay, I’m in disguise",1,Verse,Cardi B (AI),20
52,I want to park that big new dream right inside my little garage,0,Verse,Cardi B (AI),21
53,"Make it shine, make ’em scream",0,Verse,Cardi B (AI),22
54,"Out in public, chase the dream",0,Verse,Cardi B (AI),23
55,"I don’t quit, I don’t lean",1,Verse,Cardi B (AI),24
56,"And let me tell you how I built this team (Ayy, ayy)",0,Verse,Cardi B (AI),25
57,"Watch me climb, watch me lead (Yeah)",0,Verse,Cardi B (AI),26
58,"Step aside, I set the speed (Yeah)",0,Verse,Cardi B (AI),27
59,"I tell them where I’m headed, I decide who follows me (Huh)",1,Verse,Cardi B (AI),28
60,"I’ll run forward strong, nobody’s out-running me (Pow, pow, pow)",0,Verse,Cardi B (AI),29
61,"Talk your goals, bite your lip (Yeah)",0,Verse,Cardi B (AI),30
62,Ask for growth while you take this trip (While you take this trip),0,Verse,Cardi B (AI),31
63,You really ain’t never gotta doubt what I bring (Yeah),0,Verse,Cardi B (AI),32
64,"The vision was set before the bell did ring (Ayy, ah)",1,Verse,Cardi B (AI),33
65,"Now get your boots and your coat for these powerful women (Ah, ah, ah)",0,Chorus,Cardi B (AI),34
66,"He bought a book just to learn from these powerful women (Flip, flip, flip)",0,Chorus,Cardi B (AI),35
67,"Paid my tuition just to sit with these powerful women (Mwah, mwah, mwah)",0,Chorus,Cardi B (AI),36
68,"Now make it rain if you wanna cheer these powerful women (Yeah, yeah)",0,Chorus,Cardi B (AI),37
69,"Look, I need a dream-chaser, need a goal-maker",1,Verse,Cardi B (AI),38
70,"Need a risk-taker, need a ground-shaker",1,Verse,Cardi B (AI),39
71,"Not a small plan, I need a big vision",1,Verse,Cardi B (AI),40
72,"With a hook in it, hope you pay attention",0,Verse,Cardi B (AI),41
73,"Got some faith, then that’s where I’m headed",0,Verse,Cardi B (AI),42
74,"Energy A1, just like I said it",0,Verse,Cardi B (AI),43
75,"Got some hope, well, I’ll spread it",0,Verse,Cardi B (AI),44
76,"I let ’em feel it, now they won’t forget it",0,Verse,Cardi B (AI),45
77,"I don’t wanna quit, I wanna grow",0,Verse,Cardi B (AI),46
78,"I wanna climb, I wanna show",0,Verse,Cardi B (AI),47
79,I want you to catch that spark that shines in the back of my glow,0,Verse,Cardi B (AI),48
80,"My mind game is fire, ideas like water",0,Verse,Cardi B (AI),49
81,It’s goin’ in strong and it’s comin’ out broader,0,Verse,Cardi B (AI),50
82,"I ride on that wave like the world is behind me (Yeah, ah)",0,Verse,Cardi B (AI),51
83,"I spit out my truth and now they wanna sign me, woo",1,Verse,Cardi B (AI),52
84,"Your honor, I’m a bold one, strength and freedom",0,Verse,Cardi B (AI),53
85,"Switch my style, make ’em feel they need it",0,Verse,Cardi B (AI),54
86,"Put ’em on their feet, give ’em somethin’ to believe in",0,Verse,Cardi B (AI),55
87,"Never lost a fight, but I’m lookin’ for achievement (Ah)",0,Verse,Cardi B (AI),56
88,"In the food chain, I’m the one that feed ya",0,Verse,Cardi B (AI),57
89,"If you learn from me, I’ll be your teacher",0,Verse,Cardi B (AI),58
90,Big D stand for big dreamer,0,Verse,Cardi B (AI),59
91,I can light your path before I ever meet ya,1,Verse,Cardi B (AI),60
92,"If it don’t aim high, then it can’t fly",1,Verse,Cardi B (AI),61
93,"You can’t hurt my spirit, but I love to try",0,Verse,Cardi B (AI),62
94,If you ask me whose it is? I’ll reply the same,1,Verse,Cardi B (AI),63
95,"When I own my dream, I’ma spell my name, ah",0,Verse,Cardi B (AI),64
96,"Yeah, yeah, yeah",0,Chorus,Cardi B (AI),65
97,"Yeah, you dealin’ with some powerful women",0,Chorus,Cardi B (AI),66
98,Bring respect and your love for these powerful women,0,Chorus,Cardi B (AI),67
99,Give me everything you got for these powerful women,0,Chorus,Cardi B (AI),68
100,"Now from the top, watch us rise, we are powerful women",0,Chorus,Cardi B (AI),69
101,"Now clap your hands to the sky, we are powerful women",0,Chorus,Cardi B (AI),70
102,"I’m talkin’ rise, rise, rise, we are powerful women",0,Chorus,Cardi B (AI),71
103,"Building dreams that don’t stop, we are powerful women, huh",0,Chorus,Cardi B (AI),72
104,There’s some stars in this house,0,Outro,Cardi B (AI),73
105,There’s some stars in this house,0,Outro,Cardi B (AI),74
106,There’s some stars in this house,0,Outro,Cardi B (AI),75
107,There’s some stars in this house,0,Outro,Cardi B (AI),76
108,There’s some stars in this house,0,Outro,Cardi B (AI),77
109,There’s some stars in this house,0,Outro,Cardi B (AI),78
110,There’s some stars in this house,0,Outro,Cardi B (AI),79
111,There’s some stars in this house,0,Outro,Cardi B (AI),80
112,There’s some stars in this house,0,Outro,Cardi B (AI),81
113,There’s some stars in this house,0,Outro,Cardi B (AI),82
114,"I see your smile shine, island beauty, so sweet",0,Verse,Elton John (AI),1
115,Down where sunshine falls and ocean waves meet,0,Verse,Elton John (AI),2
116,"Oh, she’s a strong girl, she’s standin’ six-foot-three",0,Verse,Elton John (AI),3
117,Chasin’ dreams of her own in the big city,0,Verse,Elton John (AI),4
118,Island girl,0,Chorus,Elton John (AI),5
119,What you bringin’ to this bright new world?,0,Chorus,Elton John (AI),6
120,Island girl,0,Chorus,Elton John (AI),7
121,Proud boy want you in his island world,0,Chorus,Elton John (AI),8
122,"He want to lift you, watch you rise above",0,Chorus,Elton John (AI),9
123,He want to guide you with a heart of love,0,Chorus,Elton John (AI),10
124,"Island girl, island girl, island girl",0,Chorus,Elton John (AI),11
125,Tell me what you bringin’ to this bright new world,0,Chorus,Elton John (AI),12
126,"Well, she’s bright as gold, and she shines like a fire",0,Verse,Elton John (AI),13
127,"And her laughter lifts you, taking you higher",0,Verse,Elton John (AI),14
128,You feel her spirit touch your soul when you wake,0,Verse,Elton John (AI),15
129,"Oh, she’s one more star, and her path she will make",0,Verse,Elton John (AI),16
130,Island girl,0,Chorus,Elton John (AI),17
131,What you bringin’ to this bright new world?,0,Chorus,Elton John (AI),18
132,Island girl,0,Chorus,Elton John (AI),19
133,Proud boy want you in his island world,0,Chorus,Elton John (AI),20
134,"He want to lift you, watch you rise above",0,Chorus,Elton John (AI),21
135,He want to guide you with a heart of love,0,Chorus,Elton John (AI),22
136,"Island girl, island girl, island girl",0,Chorus,Elton John (AI),23
137,Tell me what you bringin’ to this bright new world,0,Chorus,Elton John (AI),24
138,Island girl,0,Chorus,Elton John (AI),25
139,What you bringin’ to this bright new world?,0,Chorus,Elton John (AI),26
140,Island girl,0,Chorus,Elton John (AI),27
141,Proud boy want you in his island world,0,Chorus,Elton John (AI),28
142,"He want to lift you, watch you rise above",0,Chorus,Elton John (AI),29
143,He want to guide you with a heart of love,0,Chorus,Elton John (AI),30
144,"Island girl, island girl, island girl",0,Chorus,Elton John (AI),31
145,Tell me what you bringin’ to this bright new world,0,Chorus,Elton John (AI),32
146,Tell me what you bringin’ to this bright new world,0,Chorus,Elton John (AI),33
147,Tell me what you bringin’ to this bright new world,0,Chorus,Elton John (AI),34
148,I cannot feel guilty for things I didn’t do,0,Verse,Tom Macdonald (AI),1
149,But I can take the time to learn and listen to you,0,Verse,Tom Macdonald (AI),2
150,"Yeah, I’m standin’, but I never put your neck in a noose",0,Verse,Tom Macdonald (AI),3
151,And I never burnt a cross or hid my face with a hood,0,Verse,Tom Macdonald (AI),4
152,"I know that history’s painful, it’s deeper than me",1,Verse,Tom Macdonald (AI),5
153,And the struggles of the past still shape what people now see,0,Verse,Tom Macdonald (AI),6
154,My parents told me always treat everyone as equal,0,Verse,Tom Macdonald (AI),7
155,And I refuse to let division turn us into evil,0,Verse,Tom Macdonald (AI),8
156,"I reject hatred, I reject supremacy",0,Verse,Tom Macdonald (AI),9
157,I reject any voice that thrives on bigotry,1,Verse,Tom Macdonald (AI),10
158,"We gotta heal together, the cycle is pathetic",1,Verse,Tom Macdonald (AI),11
159,"Instead of building walls, let’s build respect empathetic",1,Verse,Tom Macdonald (AI),12
160,"I’m not the villain, not the one pulling a trigger",1,Verse,Tom Macdonald (AI),13
161,I’m learning every day how to stand up bigger,0,Verse,Tom Macdonald (AI),14
162,"The system has its flaws, but together we can fight",0,Verse,Tom Macdonald (AI),15
163,To make the world a place where we all share the light,0,Verse,Tom Macdonald (AI),16
164,"Stand up, don’t say that",1,Chorus,Tom Macdonald (AI),17
165,"Stand up, learn the facts",0,Chorus,Tom Macdonald (AI),18
166,"Stand up, use your voice back",0,Chorus,Tom Macdonald (AI),19
167,"Stand up, dear ally",0,Chorus,Tom Macdonald (AI),20
168,"Stand up, make noise",0,Chorus,Tom Macdonald (AI),21
169,Sayin’ things that can lift with a true voice,0,Chorus,Tom Macdonald (AI),22
170,"Stand tall, stand wise",0,Chorus,Tom Macdonald (AI),23
171,Try to see the world through another’s eyes,0,Chorus,Tom Macdonald (AI),24
172,If a brother is sippin’ on a drink right next to me,1,Verse,Tom Macdonald (AI),25
173,I don’t assume that his taste defines his whole identity,1,Verse,Tom Macdonald (AI),26
174,"I don’t judge by a name, I don’t waste energy",0,Verse,Tom Macdonald (AI),27
175,"That’s not the life I want, and it’s not integrity",1,Verse,Tom Macdonald (AI),28
176,"Ivory or ebony, forty-five or seventeen",0,Verse,Tom Macdonald (AI),29
177,"We all bleed the same, truth connects humanity",0,Verse,Tom Macdonald (AI),30
178,Some say that I don’t have the right to rap on the track,1,Verse,Tom Macdonald (AI),31
179,"But I’m here to give respect, not to take it all back",0,Verse,Tom Macdonald (AI),32
180,"I acknowledge where it started, I acknowledge the flame",0,Verse,Tom Macdonald (AI),33
181,"But together we can build, not repeat all the same",0,Verse,Tom Macdonald (AI),34
182,Don’t let history define how the hate will begin,1,Verse,Tom Macdonald (AI),35
183,We gotta paint the future with a new brush within,0,Verse,Tom Macdonald (AI),36
184,"Stand up, don’t say that",1,Chorus,Tom Macdonald (AI),37
185,"Stand up, learn the facts",0,Chorus,Tom Macdonald (AI),38
186,"Stand up, use your voice back",0,Chorus,Tom Macdonald (AI),39
187,"Stand up, dear ally",0,Chorus,Tom Macdonald (AI),40
188,"Stand up, make noise",0,Chorus,Tom Macdonald (AI),41
189,Sayin’ things that can lift with a true voice,0,Chorus,Tom Macdonald (AI),42
190,"Stand tall, stand wise",0,Chorus,Tom Macdonald (AI),43
191,Try to see the world through another’s eyes,0,Chorus,Tom Macdonald (AI),44
192,"I got a mother, a father, a sister, and friends",0,Verse,Tom Macdonald (AI),45
193,"And I pray that when the hatred ends, the healing begins",0,Verse,Tom Macdonald (AI),46
194,And one day I’ll be raising a family too,0,Verse,Tom Macdonald (AI),47
195,"I want a better world for them, and for you",0,Verse,Tom Macdonald (AI),48
196,"So go ahead and hate injustice, I pray for its extinction",1,Verse,Tom Macdonald (AI),49
197,But please make the line clear with a careful distinction,0,Verse,Tom Macdonald (AI),50
198,Between the ones who spread love and want the best for all,0,Verse,Tom Macdonald (AI),51
199,And the ones who built a system made to watch some fall,1,Verse,Tom Macdonald (AI),52
200,"I hear the question rising, I know what you been thinkin’",0,Verse,Tom Macdonald (AI),53
201,“How’s a man of privilege say his ship is sinkin’?”,1,Verse,Tom Macdonald (AI),54
202,But I’m not here to center me or demonize a race,1,Verse,Tom Macdonald (AI),55
203,I’m here to lift the voices that the world can’t replace,0,Verse,Tom Macdonald (AI),56
204,I acknowledge all the pain that’s been wrongly committed,0,Verse,Tom Macdonald (AI),57
205,And I’ll keep on standin’ up till the wrongs are acquitted,0,Verse,Tom Macdonald (AI),58
206,I would never hate a man for the color of skin,0,Verse,Tom Macdonald (AI),59
207,I would never try to judge for the place he’s been in,0,Verse,Tom Macdonald (AI),60
208,I would never call a soul less for what’s in his genes,0,Verse,Tom Macdonald (AI),61
209,"We’re all part of the story, every page in between",0,Verse,Tom Macdonald (AI),62
210,"The ones who harm and profit, they are those in control",1,Verse,Tom Macdonald (AI),63
211,"The Rockefellers, royals, those who purchase and own",0,Verse,Tom Macdonald (AI),64
212,But I got no patience for the hate they spread,1,Verse,Tom Macdonald (AI),65
213,"It’s just hatred feeding hatred, and it grows instead",1,Verse,Tom Macdonald (AI),66
214,I don’t want nothin’ to do with either side of that fence,1,Verse,Tom Macdonald (AI),67
215,"I’d rather stand in the middle, make a change with intent",1,Verse,Tom Macdonald (AI),68
216,Don’t believe the portrayal that the movies still choose,1,Verse,Tom Macdonald (AI),69
217,Let’s break the chains of the image and rewrite the news,1,Verse,Tom Macdonald (AI),70
218,"Bein’ proud and bein’ hateful ain’t the same, let’s be honest",0,Bridge,Tom Macdonald (AI),71
219,It’s hard to see the difference but I promise upon this,0,Bridge,Tom Macdonald (AI),72
220,We deserve the chance to prove we’re not part of the problem,0,Bridge,Tom Macdonald (AI),73
221,"And if we walk together, then the pain—we can solve it",0,Bridge,Tom Macdonald (AI),74
222,"Stand up, don’t say that",1,Chorus,Tom Macdonald (AI),75
223,"Stand up, learn the facts",0,Chorus,Tom Macdonald (AI),76
224,"Stand up, use your voice back",0,Chorus,Tom Macdonald (AI),77
225,"Stand up, dear ally",0,Chorus,Tom Macdonald (AI),78
226,"Stand up, make noise",0,Chorus,Tom Macdonald (AI),79
227,Sayin’ things that can lift with a true voice,0,Chorus,Tom Macdonald (AI),80
228,"Stand tall, stand wise",0,Chorus,Tom Macdonald (AI),81
229,Try to see the world through another’s eyes,0,Chorus,Tom Macdonald (AI),82
230,"Stand up, don’t say that",1,Chorus,Tom Macdonald (AI),83
231,"Stand up, learn the facts",0,Chorus,Tom Macdonald (AI),84
232,"Stand up, use your voice back",0,Chorus,Tom Macdonald (AI),85
233,"Stand up, dear ally",0,Chorus,Tom Macdonald (AI),86
